year,name_x,name_x
1958,Cooper,11
1958,Ferrari,11
1958,Maserati,11
1958,BRM,10
1958,Connaught,10
1958,OSCA,10
1958,Team Lotus,10
1958,Vanwall,10
1958,Porsche,9
1959,BRM,9
1959,Cooper-Climax,9
1959,Cooper-Maserati,9
1959,Ferrari,9
1959,Maserati,9
1959,Porsche,9
1959,Team Lotus,9
1959,Aston Martin,7
1959,Cooper-Borgward,5
1959,Fry,5
1959,JBW,5
1959,Vanwall,5
1959,Connaught,1
1959,Cooper-OSCA,1
1959,Kurtis Kraft,1
1959,Tec-Mec,1
1960,BRM,10
1960,Behra-Porsche,10
1960,Cooper-Climax,10
1960,Cooper-Maserati,10
1960,Ferrari,10
1960,Maserati,10
1960,Team Lotus,10
1960,Cooper-Castellotti,9
1960,JBW,9
1960,Scarab,9
1960,Aston Martin,7
1960,Vanwall,5
1960,Porsche,2
1961,BRM,8
1961,Cooper-Climax,8
1961,Cooper-Maserati,8
1961,Emeryson,8
1961,Ferrari,8
1961,Lotus-Climax,8
1961,Porsche,8
1961,De Tomaso-Osca,5
1961,JBW,5
1961,Gilby,4
1961,MBM,3
1961,De Tomaso-Alfa Romeo,2
1961,Lotus-Maserati,2
1962,BRM,9
1962,Cooper-Climax,9
1962,Emeryson,9
1962,Ferrari,9
1962,Lola,9
1962,Lotus-Climax,9
1962,Porsche,9
1962,De Tomaso-Alfa Romeo,8
1962,Lotus-BRM,8
1962,Cooper,6
1962,Team Lotus,6
1962,Gilby,5
1962,Brabham,4
1962,ENB,4
1962,De Tomaso,3
1962,De Tomaso-Osca,3
1962,Lotus-Borgward,3
1962,Cooper-Alfa Romeo,1
1962,LDS,1
1963,ATS,10
1963,BRM,10
1963,Brabham,10
1963,Cooper-Climax,10
1963,De Tomaso,10
1963,Ferrari,10
1963,Lola,10
1963,Lotus-BRM,10
1963,Lotus-Climax,10
1963,Porsche,10
1963,Scirocco,10
1963,BRP,9
1963,Gilby,6
1963,Lotus-Borgward,5
1963,Cooper-Maserati,4
1963,De Tomaso-Ferrari,4
1963,Lotus-Maserati,4
1963,Stebro,3
1963,Team Lotus,2
1963,Alfa Romeo,1
1963,LDS,1
1963,Lotus-Ford,1
1964,BRM,10
1964,BRP,10
1964,Brabham-Climax,10
1964,Cooper-Climax,10
1964,Ferrari,10
1964,Lotus-BRM,10
1964,Lotus-Climax,10
1964,Scirocco,10
1964,Brabham-BRM,9
1964,Porsche,9
1964,Brabham-Ford,6
1964,Honda,5
1964,Derrington,3
1965,Alfa Romeo,10
1965,BRM,10
1965,Brabham-BRM,10
1965,Brabham-Climax,10
1965,Brabham-Ford,10
1965,Cooper-Climax,10
1965,Cooper-Ford,10
1965,Cooper-Maserati,10
1965,Ferrari,10
1965,LDS-Alfa Romeo,10
1965,LDS-Climax,10
1965,Lotus-BRM,10
1965,Lotus-Climax,10
1965,Lotus-Ford,10
1965,RE,10
1965,Honda,9
1966,BRM,9
1966,Brabham-BRM,9
1966,Brabham-Climax,9
1966,Brabham-Repco,9
1966,Cooper-Maserati,9
1966,Ferrari,9
1966,Lotus-BRM,9
1966,Lotus-Climax,9
1966,McLaren-Ford,9
1966,Eagle-Climax,8
1966,McLaren-Serenissima,8
1966,Cooper-Ferrari,6
1966,Shannon,6
1966,Eagle-Weslake,3
1966,Honda,3
1967,BRM,11
1967,Brabham-Climax,11
1967,Brabham-Repco,11
1967,Cooper-Climax,11
1967,Cooper-Maserati,11
1967,Eagle-Climax,11
1967,Honda,11
1967,LDS-Climax,11
1967,Lotus-BRM,11
1967,Eagle-Weslake,10
1967,Ferrari,10
1967,Lotus-Climax,10
1967,Matra,10
1967,McLaren-BRM,10
1967,Lotus-Ford,9
1967,Cooper-ATS,6
1967,Brabham-Ford,5
1967,Lola,5
1967,Protos,5
1967,McLaren-Ford,2
1968,BRM,12
1968,Brabham-Climax,12
1968,Brabham-Repco,12
1968,Cooper-BRM,12
1968,Cooper-Climax,12
1968,Cooper-Maserati,12
1968,Eagle-Weslake,12
1968,Ferrari,12
1968,Honda,12
1968,LDS,12
1968,Lotus-Ford,12
1968,Matra-Ford,12
1968,McLaren-BRM,12
1968,McLaren-Ford,11
1968,Matra,10
1968,Lola,5
1968,McLaren,5
1969,BRM,11
1969,Brabham-Ford,11
1969,Brabham-Repco,11
1969,Ferrari,11
1969,Lotus-Ford,11
1969,Matra-Ford,11
1969,McLaren-Ford,11
1969,Cooper-Maserati,9
1969,BRM-Ford,5
1969,Brabham-Climax,3
1970,BRM,13
1970,Brabham,13
1970,De Tomaso,13
1970,Ferrari,13
1970,March,13
1970,Matra,13
1970,McLaren-Ford,13
1970,Team Lotus,13
1970,McLaren-Alfa Romeo,12
1970,Bellasi,9
1970,Surtees,7
1970,Tyrrell,3
1971,BRM,11
1971,Brabham,11
1971,Ferrari,11
1971,Lotus-Ford,11
1971,March-Alfa Romeo,11
1971,March-Ford,11
1971,Matra,11
1971,McLaren,11
1971,Surtees,11
1971,Tyrrell,11
1971,Lotus-Pratt &amp; Whitney,8
1971,Bellasi,3
1972,BRM,12
1972,Brabham,12
1972,Ferrari,12
1972,March,12
1972,Matra,12
1972,McLaren,12
1972,Surtees,12
1972,Team Lotus,12
1972,Tyrrell,12
1972,Tecno,8
1972,Politoys,6
1972,Connew,4
1973,BRM,15
1973,Brabham,15
1973,Ferrari,15
1973,Iso Marlboro,15
1973,March,15
1973,McLaren,15
1973,Surtees,15
1973,Team Lotus,15
1973,Tyrrell,15
1973,Shadow,13
1973,Tecno,11
1973,Ensign,8
1974,BRM,15
1974,Brabham,15
1974,Ferrari,15
1974,Iso Marlboro,15
1974,Lola,15
1974,March,15
1974,McLaren,15
1974,Shadow,15
1974,Surtees,15
1974,Team Lotus,15
1974,Tyrrell,15
1974,Hesketh,13
1974,Amon,12
1974,Trojan,12
1974,Ensign,11
1974,Token,11
1974,Lyncar,6
1974,Maki,6
1974,Parnelli,2
1974,Penske,2
1975,BRM,14
1975,Brabham,14
1975,Ferrari,14
1975,Fittipaldi,14
1975,Hesketh,14
1975,Lola,14
1975,March,14
1975,McLaren,14
1975,Parnelli,14
1975,Penske,14
1975,Shadow-Ford,14
1975,Team Lotus,14
1975,Tyrrell,14
1975,Williams,14
1975,Surtees,13
1975,Embassy Hill,12
1975,Ensign,11
1975,Maki,7
1975,Lyncar,5
1975,Shadow-Matra,3
1976,BRM,16
1976,Brabham-Alfa Romeo,16
1976,Ferrari,16
1976,Fittipaldi,16
1976,Ligier,16
1976,March,16
1976,McLaren,16
1976,Penske,16
1976,Shadow,16
1976,Team Lotus,16
1976,Tyrrell,16
1976,Williams,16
1976,Wolf,16
1976,Ensign,15
1976,Hesketh,15
1976,Parnelli,15
1976,Surtees,15
1976,Boro,13
1976,Brabham-Ford,13
1976,Kojima,1
1976,Maki,1
1977,Brabham,17
1977,Ensign,17
1977,Ferrari,17
1977,Fittipaldi,17
1977,Ligier,17
1977,March,17
1977,McLaren,17
1977,Shadow,17
1977,Surtees,17
1977,Team Lotus,17
1977,Tyrrell,17
1977,Wolf,17
1977,BRM,16
1977,Penske,14
1977,Hesketh,13
1977,LEC,13
1977,McGuire,8
1977,Renault,8
1977,Apollon,4
1977,Boro,4
1977,Kojima,1
1978,ATS,16
1978,Brabham,16
1978,Ensign,16
1978,Ferrari,16
1978,Fittipaldi,16
1978,Hesketh,16
1978,Ligier,16
1978,McLaren,16
1978,Merzario,16
1978,Shadow,16
1978,Surtees,16
1978,Team Lotus,16
1978,Theodore,16
1978,Tyrrell,16
1978,Williams,16
1978,Wolf,16
1978,Arrows,15
1978,Martini,14
1978,Renault,14
1979,ATS,15
1979,Arrows,15
1979,Brabham-Alfa Romeo,15
1979,Ensign,15
1979,Ferrari,15
1979,Fittipaldi,15
1979,Ligier,15
1979,McLaren,15
1979,Merzario,15
1979,Renault,15
1979,Shadow,15
1979,Team Lotus,15
1979,Tyrrell,15
1979,Williams,15
1979,Wolf,15
1979,Kauhsen,11
1979,Alfa Romeo,10
1979,Rebaque,3
1979,Brabham-Ford,2
1980,ATS,14
1980,Alfa Romeo,14
1980,Arrows,14
1980,Brabham,14
1980,Ensign,14
1980,Ferrari,14
1980,Fittipaldi,14
1980,Ligier,14
1980,McLaren,14
1980,Osella,14
1980,Renault,14
1980,Shadow,14
1980,Team Lotus,14
1980,Tyrrell,14
1980,Williams,14
1981,ATS,15
1981,Alfa Romeo,15
1981,Arrows,15
1981,Brabham,15
1981,Ensign,15
1981,Ferrari,15
1981,Fittipaldi,15
1981,Ligier,15
1981,March,15
1981,McLaren,15
1981,Osella,15
1981,Renault,15
1981,Team Lotus,15
1981,Theodore,15
1981,Tyrrell,15
1981,Williams,15
1981,Toleman,12
1982,ATS,16
1982,Alfa Romeo,16
1982,Arrows,16
1982,Brabham,16
1982,Ensign,16
1982,Ferrari,16
1982,Fittipaldi,16
1982,Ligier,16
1982,March,16
1982,McLaren,16
1982,Osella,16
1982,Renault,16
1982,Team Lotus,16
1982,Theodore,16
1982,Toleman,16
1982,Tyrrell,16
1982,Williams,16
1983,ATS,15
1983,Alfa Romeo,15
1983,Arrows,15
1983,Brabham,15
1983,Ferrari,15
1983,Ligier,15
1983,McLaren,15
1983,Osella,15
1983,RAM,15
1983,Renault,15
1983,Team Lotus,15
1983,Theodore,15
1983,Toleman,15
1983,Tyrrell,15
1983,Williams,15
1983,Spirit,7
1984,Alfa Romeo,16
1984,Arrows,16
1984,Brabham,16
1984,Ferrari,16
1984,Ligier,16
1984,McLaren,16
1984,Osella,16
1984,RAM,16
1984,Renault,16
1984,Spirit,16
1984,Team Lotus,16
1984,Toleman,16
1984,Williams,16
1984,ATS,15
1984,Tyrrell,15
1985,Alfa Romeo,16
1985,Arrows,16
1985,Brabham,16
1985,Ferrari,16
1985,Ligier,16
1985,McLaren,16
1985,Minardi,16
1985,Osella,16
1985,RAM,16
1985,Renault,16
1985,Spirit,16
1985,Team Lotus,16
1985,Tyrrell,16
1985,Williams,16
1985,Zakspeed,15
1985,Toleman,13
1985,Lola,5
1986,Arrows,16
1986,Benetton,16
1986,Brabham,16
1986,Ferrari,16
1986,Ligier,16
1986,Lola,16
1986,McLaren,16
1986,Minardi,16
1986,Osella,16
1986,Team Lotus,16
1986,Tyrrell,16
1986,Williams,16
1986,Zakspeed,16
1986,AGS,4
1987,AGS,16
1987,Arrows,16
1987,Benetton,16
1987,Brabham,16
1987,Ferrari,16
1987,March,16
1987,McLaren,16
1987,Minardi,16
1987,Osella,16
1987,Team Lotus,16
1987,Tyrrell,16
1987,Williams,16
1987,Zakspeed,16
1987,Larrousse,15
1987,Ligier,15
1987,Coloni,6
1988,AGS,16
1988,Arrows,16
1988,Benetton,16
1988,Coloni,16
1988,Dallara,16
1988,Euro Brun,16
1988,Ferrari,16
1988,Larrousse,16
1988,Ligier,16
1988,March,16
1988,McLaren,16
1988,Minardi,16
1988,Osella,16
1988,Rial,16
1988,Team Lotus,16
1988,Tyrrell,16
1988,Williams,16
1988,Zakspeed,16
1989,AGS,16
1989,Arrows,16
1989,Benetton,16
1989,Brabham,16
1989,Coloni,16
1989,Dallara,16
1989,Euro Brun,16
1989,Ferrari,16
1989,Larrousse,16
1989,Ligier,16
1989,March,16
1989,McLaren,16
1989,Minardi,16
1989,Onyx,16
1989,Osella,16
1989,Rial,16
1989,Team Lotus,16
1989,Tyrrell,16
1989,Williams,16
1989,Zakspeed,16
1990,AGS,16
1990,Arrows,16
1990,Benetton,16
1990,Brabham,16
1990,Coloni,16
1990,Dallara,16
1990,Euro Brun,16
1990,Ferrari,16
1990,Larrousse,16
1990,Leyton House,16
1990,Life,16
1990,Ligier,16
1990,McLaren,16
1990,Minardi,16
1990,Onyx,16
1990,Osella,16
1990,Team Lotus,16
1990,Tyrrell,16
1990,Williams,16
1991,AGS,16
1991,Benetton,16
1991,Brabham,16
1991,Coloni,16
1991,Dallara,16
1991,Ferrari,16
1991,Fondmetal,16
1991,Footwork,16
1991,Jordan,16
1991,Lambo,16
1991,Larrousse,16
1991,Leyton House,16
1991,Ligier,16
1991,McLaren,16
1991,Minardi,16
1991,Team Lotus,16
1991,Tyrrell,16
1991,Williams,16
1991,Lola,14
1992,Benetton,16
1992,Brabham,16
1992,Footwork,16
1992,Jordan,16
1992,Larrousse,16
1992,Ligier,16
1992,McLaren,16
1992,Team Lotus,16
1992,Williams,16
1992,Dallara,15
1992,Tyrrell,15
1992,Ferrari,14
1992,Minardi,14
1992,March,13
1992,Fondmetal,8
1993,Ferrari,16
1993,Footwork,16
1993,Ligier,16
1993,McLaren,16
1993,Minardi,16
1993,Sauber,16
1993,Williams,16
1993,Benetton,15
1993,Larrousse,15
1993,Lola,15
1993,Team Lotus,15
1993,Jordan,14
1993,Tyrrell,11
1994,Benetton,16
1994,Ferrari,16
1994,Footwork,16
1994,Jordan,16
1994,Larrousse,16
1994,Ligier,16
1994,McLaren,16
1994,Minardi,16
1994,Pacific,16
1994,Sauber,16
1994,Simtek,16
1994,Team Lotus,16
1994,Tyrrell,16
1994,Williams,16
1995,Benetton,17
1995,Ferrari,17
1995,Forti,17
1995,Ligier,17
1995,McLaren,17
1995,Pacific,17
1995,Tyrrell,17
1995,Williams,17
1995,Sauber,16
1995,Simtek,16
1995,Footwork,15
1995,Jordan,15
1995,Minardi,15
1996,Benetton,16
1996,Ferrari,16
1996,Footwork,16
1996,Ligier,16
1996,McLaren,16
1996,Sauber,16
1996,Tyrrell,16
1996,Williams,16
1996,Forti,15
1996,Jordan,15
1996,Minardi,15
1997,Arrows,17
1997,Benetton,17
1997,Ferrari,17
1997,McLaren,17
1997,Minardi,17
1997,Prost,17
1997,Sauber,17
1997,Williams,17
1997,Jordan,16
1997,Tyrrell,16
1997,Stewart,15
1997,Lola,12
1998,Benetton,16
1998,Ferrari,16
1998,Jordan,16
1998,McLaren,16
1998,Prost,16
1998,Sauber,16
1998,Williams,16
1998,Stewart,15
1998,Minardi,14
1998,Tyrrell,14
1998,Arrows,13
1999,Arrows,16
1999,Benetton,16
1999,Ferrari,16
1999,Jordan,16
1999,Stewart,16
1999,Williams,16
1999,McLaren,15
1999,Minardi,15
1999,Prost,15
1999,BAR,14
1999,Sauber,14
2000,BAR,17
2000,Benetton,17
2000,Ferrari,17
2000,Minardi,17
2000,Prost,17
2000,Williams,17
2000,Arrows,16
2000,Jordan,16
2000,Jaguar,15
2000,McLaren,15
2000,Sauber,15
2001,Arrows,17
2001,BAR,17
2001,Benetton,17
2001,Ferrari,17
2001,Jaguar,17
2001,Jordan,17
2001,McLaren,17
2001,Minardi,17
2001,Prost,17
2001,Sauber,17
2001,Williams,16
2002,Ferrari,17
2002,Jaguar,17
2002,McLaren,17
2002,Minardi,17
2002,Toyota,17
2002,Williams,17
2002,Arrows,16
2002,BAR,16
2002,Jordan,16
2002,Renault,16
2002,Sauber,16
2003,BAR,16
2003,Ferrari,16
2003,McLaren,16
2003,Minardi,16
2003,Renault,16
2003,Sauber,16
2003,Williams,16
2003,Jordan,15
2003,Toyota,15
2003,Jaguar,14
2004,BAR,18
2004,Ferrari,18
2004,Jaguar,18
2004,Jordan,18
2004,McLaren,18
2004,Renault,18
2004,Sauber,18
2004,Toyota,18
2004,Williams,18
2004,Minardi,17
2005,BAR,19
2005,Ferrari,19
2005,Jordan,19
2005,McLaren,19
2005,Minardi,19
2005,Red Bull,19
2005,Renault,19
2005,Sauber,19
2005,Toyota,19
2005,Williams,19
2006,BMW Sauber,18
2006,Ferrari,18
2006,Honda,18
2006,MF1,18
2006,McLaren,18
2006,Red Bull,18
2006,Renault,18
2006,Super Aguri,18
2006,Toro Rosso,18
2006,Toyota,18
2006,Williams,18
2006,Spyker MF1,4
2007,BMW Sauber,17
2007,Ferrari,17
2007,Honda,17
2007,McLaren,17
2007,Red Bull,17
2007,Renault,17
2007,Spyker,17
2007,Super Aguri,17
2007,Toro Rosso,17
2007,Toyota,17
2007,Williams,17
2008,BMW Sauber,18
2008,Ferrari,18
2008,McLaren,18
2008,Renault,18
2008,Toro Rosso,18
2008,Williams,18
2008,Force India,17
2008,Honda,17
2008,Red Bull,17
2008,Super Aguri,17
2008,Toyota,17
2009,BMW Sauber,17
2009,Brawn,17
2009,Ferrari,17
2009,Force India,17
2009,Red Bull,17
2009,Renault,17
2009,Toro Rosso,17
2009,Toyota,17
2009,Williams,17
2009,McLaren,16
2010,Ferrari,19
2010,Force India,19
2010,HRT,19
2010,Lotus,19
2010,McLaren,19
2010,Mercedes,19
2010,Red Bull,19
2010,Renault,19
2010,Sauber,19
2010,Toro Rosso,19
2010,Virgin,19
2010,Williams,19
2011,Ferrari,19
2011,Force India,19
2011,Lotus,19
2011,McLaren,19
2011,Mercedes,19
2011,Red Bull,19
2011,Renault,19
2011,Toro Rosso,19
2011,Virgin,19
2011,Williams,19
2011,HRT,18
2011,Sauber,18
2012,Caterham,20
2012,Ferrari,20
2012,Force India,20
2012,Lotus F1,20
2012,Marussia,20
2012,McLaren,20
2012,Mercedes,20
2012,Red Bull,20
2012,Sauber,20
2012,Toro Rosso,20
2012,Williams,20
2012,HRT,19
2013,Caterham,19
2013,Ferrari,19
2013,Force India,19
2013,Lotus F1,19
2013,Marussia,19
2013,McLaren,19
2013,Mercedes,19
2013,Red Bull,19
2013,Sauber,19
2013,Toro Rosso,19
2013,Williams,19
2014,Caterham,19
2014,Ferrari,19
2014,Force India,19
2014,Lotus F1,19
2014,Marussia,19
2014,McLaren,19
2014,Mercedes,19
2014,Red Bull,19
2014,Sauber,19
2014,Toro Rosso,19
2014,Williams,19
2015,Ferrari,19
2015,Force India,19
2015,Lotus F1,19
2015,McLaren,19
2015,Mercedes,19
2015,Red Bull,19
2015,Sauber,19
2015,Toro Rosso,19
2015,Williams,19
2015,Manor Marussia,18
2016,Ferrari,21
2016,Force India,21
2016,Haas F1 Team,21
2016,Manor Marussia,21
2016,McLaren,21
2016,Mercedes,21
2016,Red Bull,21
2016,Renault,21
2016,Sauber,21
2016,Toro Rosso,21
2016,Williams,21
2017,Ferrari,20
2017,Force India,20
2017,Haas F1 Team,20
2017,McLaren,20
2017,Mercedes,20
2017,Red Bull,20
2017,Renault,20
2017,Sauber,20
2017,Toro Rosso,20
2017,Williams,20
2018,Ferrari,21
2018,Force India,21
2018,Haas F1 Team,21
2018,McLaren,21
2018,Mercedes,21
2018,Red Bull,21
2018,Renault,21
2018,Sauber,21
2018,Toro Rosso,21
2018,Williams,21
2019,Alfa Romeo,21
2019,Ferrari,21
2019,Haas F1 Team,21
2019,McLaren,21
2019,Mercedes,21
2019,Racing Point,21
2019,Red Bull,21
2019,Renault,21
2019,Toro Rosso,21
2019,Williams,21
2020,Alfa Romeo,17
2020,AlphaTauri,17
2020,Ferrari,17
2020,Haas F1 Team,17
2020,McLaren,17
2020,Mercedes,17
2020,Racing Point,17
2020,Red Bull,17
2020,Renault,17
2020,Williams,17
2021,Alfa Romeo,22
2021,AlphaTauri,22
2021,Alpine F1 Team,22
2021,Aston Martin,22
2021,Ferrari,22
2021,Haas F1 Team,22
2021,McLaren,22
2021,Mercedes,22
2021,Red Bull,22
2021,Williams,22
2022,Alfa Romeo,13
2022,AlphaTauri,13
2022,Alpine F1 Team,13
2022,Aston Martin,13
2022,Ferrari,13
2022,Haas F1 Team,13
2022,McLaren,13
2022,Mercedes,13
2022,Red Bull,13
2022,Williams,13
