position,name_x,name_x
1,Ferrari,234
1,McLaren,165
1,Mercedes,145
1,Williams,114
1,Red Bull,77
1,Renault,46
1,Team Lotus,44
1,Benetton,29
1,Lotus-Climax,23
1,Cooper-Climax,20
1,Brawn,17
1,Brabham-Repco,16
1,Tyrrell,16
1,BRM,14
1,Lotus-Ford,12
1,Matra-Ford,11
1,Brabham,6
1,Cooper,4
1,Ligier,4
1,March,3
1,Vanwall,3
1,BMW Sauber,1
1,Cooper-Maserati,1
1,Wolf,1
2,Ferrari,301
2,McLaren,186
2,Williams,96
2,Red Bull,82
2,Brabham,43
2,Team Lotus,37
2,Tyrrell,30
2,BRM,27
2,Mercedes,26
2,BMW Sauber,24
2,Benetton,24
2,Renault,24
2,Ligier,19
2,Lotus-Climax,17
2,Lotus-Ford,13
2,McLaren-Ford,11
2,Toyota,6
2,Cooper-Maserati,5
2,March,5
2,Wolf,5
2,BAR,4
2,Cooper-Climax,4
2,Lotus F1,3
2,Matra-Ford,3
2,Vanwall,3
2,Brabham-Ford,2
2,Brabham-Repco,2
2,Cooper,1
2,Force India,1
2,Hesketh,1
2,Jordan,1
3,Ferrari,218
3,McLaren,145
3,Williams,101
3,Red Bull,80
3,Benetton,70
3,Team Lotus,66
3,Renault,48
3,Brabham,34
3,Tyrrell,29
3,BRM,23
3,Jordan,18
3,Mercedes,17
3,BAR,12
3,Cooper-Maserati,12
3,BMW Sauber,11
3,Cooper-Climax,11
3,Lotus F1,10
3,Toyota,9
3,Ligier,8
3,McLaren-Ford,8
3,Wolf,8
3,Porsche,7
3,Cooper,6
3,Lotus-Ford,6
3,Lotus-Climax,5
3,March,5
3,Racing Point,5
3,Sauber,4
3,Arrows,3
3,Brabham-Climax,3
3,Brabham-Ford,3
3,March-Ford,3
3,Vanwall,3
3,Cooper-BRM,2
3,Maserati,2
3,Matra-Ford,2
3,Alfa Romeo,1
3,Fittipaldi,1
3,Force India,1
3,Haas F1 Team,1
3,Hesketh,1
3,Honda,1
3,Lotus-BRM,1
3,Matra,1
3,Shadow,1
