position,year,name_x,name_x
1,1958,Cooper,4
1,1958,Ferrari,4
1,1958,Vanwall,3
1,1959,Cooper-Climax,9
1,1960,Cooper-Climax,10
1,1961,Ferrari,7
1,1961,Lotus-Climax,1
1,1962,BRM,7
1,1962,Cooper-Climax,1
1,1962,Lotus-Climax,1
1,1963,Lotus-Climax,8
1,1963,BRM,2
1,1964,Lotus-Climax,5
1,1964,Ferrari,3
1,1964,BRM,2
1,1965,Lotus-Climax,8
1,1965,BRM,2
1,1966,Brabham-Repco,6
1,1966,Ferrari,2
1,1966,BRM,1
1,1967,Brabham-Repco,10
1,1967,Cooper-Maserati,1
1,1968,Lotus-Ford,12
1,1969,Matra-Ford,11
1,1970,Team Lotus,8
1,1970,March,3
1,1970,Brabham,2
1,1971,Tyrrell,8
1,1971,Ferrari,3
1,1972,Team Lotus,8
1,1972,McLaren,3
1,1972,Tyrrell,1
1,1973,Team Lotus,8
1,1973,Tyrrell,7
1,1974,McLaren,12
1,1974,Ferrari,3
1,1975,Ferrari,8
1,1975,Brabham,3
1,1975,McLaren,3
1,1976,Ferrari,16
1,1977,Ferrari,16
1,1977,Wolf,1
1,1978,Team Lotus,16
1,1979,Ferrari,11
1,1979,Ligier,4
1,1980,Williams,12
1,1980,Renault,2
1,1981,Williams,15
1,1982,McLaren,7
1,1982,Ferrari,5
1,1982,Renault,4
1,1983,Ferrari,7
1,1983,Renault,5
1,1983,McLaren,2
1,1983,Brabham,1
1,1984,McLaren,16
1,1985,Ferrari,7
1,1985,McLaren,6
1,1985,Team Lotus,3
1,1986,Williams,13
1,1986,McLaren,2
1,1986,Team Lotus,1
1,1987,Williams,12
1,1987,McLaren,4
1,1988,McLaren,16
1,1989,McLaren,15
1,1989,Ferrari,1
1,1990,McLaren,16
1,1991,McLaren,14
1,1991,Williams,2
1,1992,Williams,16
1,1993,Williams,14
1,1993,McLaren,2
1,1994,Benetton,13
1,1994,Williams,3
1,1995,Benetton,16
1,1995,Williams,1
1,1996,Williams,16
1,1997,Ferrari,9
1,1997,Williams,6
1,1997,McLaren,2
1,1998,McLaren,16
1,1999,Ferrari,13
1,1999,McLaren,3
1,2000,Ferrari,12
1,2000,McLaren,5
1,2001,Ferrari,17
1,2002,Ferrari,15
1,2002,Williams,2
1,2003,Ferrari,8
1,2003,McLaren,6
1,2003,Williams,2
1,2004,Ferrari,18
1,2005,Renault,18
1,2005,McLaren,1
1,2006,Renault,17
1,2006,Ferrari,1
1,2007,Ferrari,17
1,2008,Ferrari,14
1,2008,McLaren,3
1,2008,BMW Sauber,1
1,2009,Brawn,17
1,2010,Red Bull,9
1,2010,McLaren,7
1,2010,Ferrari,3
1,2011,Red Bull,19
1,2012,Red Bull,17
1,2012,McLaren,3
1,2013,Red Bull,18
1,2013,Ferrari,1
1,2014,Mercedes,18
1,2014,McLaren,1
1,2015,Mercedes,19
1,2016,Mercedes,21
1,2017,Mercedes,17
1,2017,Ferrari,3
1,2018,Mercedes,16
1,2018,Ferrari,5
1,2019,Mercedes,21
1,2020,Mercedes,17
1,2021,Mercedes,16
1,2021,Red Bull,6
1,2022,Red Bull,8
1,2022,Ferrari,5
2,1958,Ferrari,7
2,1958,Vanwall,3
2,1958,Cooper,1
2,1959,Ferrari,8
2,1959,BRM,1
2,1960,Team Lotus,7
2,1960,Ferrari,3
2,1961,Lotus-Climax,7
2,1961,Ferrari,1
2,1962,Lotus-Climax,6
2,1962,BRM,2
2,1962,Cooper-Climax,1
2,1963,BRM,7
2,1963,Cooper-Climax,2
2,1963,Lotus-Climax,1
2,1964,BRM,8
2,1964,Lotus-Climax,2
2,1965,BRM,7
2,1965,Ferrari,2
2,1965,Lotus-Climax,1
2,1966,Ferrari,7
2,1966,BRM,1
2,1966,Brabham-Repco,1
2,1967,Cooper-Maserati,5
2,1967,Lotus-Ford,5
2,1967,Cooper-Climax,1
2,1968,McLaren-Ford,7
2,1968,Matra-Ford,3
2,1968,Brabham-Repco,1
2,1968,Ferrari,1
2,1969,Lotus-Ford,8
2,1969,Brabham-Ford,2
2,1969,McLaren-Ford,1
2,1970,March,5
2,1970,Ferrari,3
2,1970,McLaren-Ford,3
2,1970,Brabham,1
2,1970,Team Lotus,1
2,1971,Ferrari,7
2,1971,Tyrrell,3
2,1971,BRM,1
2,1972,McLaren,5
2,1972,Tyrrell,5
2,1972,Team Lotus,2
2,1973,Tyrrell,8
2,1973,Team Lotus,7
2,1974,Ferrari,12
2,1974,McLaren,3
2,1975,Brabham,10
2,1975,McLaren,3
2,1975,Hesketh,1
2,1976,Tyrrell,10
2,1976,McLaren,6
2,1977,Team Lotus,11
2,1977,Wolf,5
2,1977,Brabham,1
2,1978,Brabham,11
2,1978,Tyrrell,3
2,1978,Ferrari,2
2,1979,Ligier,8
2,1979,Williams,3
2,1979,Ferrari,2
2,1979,Team Lotus,2
2,1980,Ligier,10
2,1980,Brabham,2
2,1980,Renault,1
2,1980,Williams,1
2,1981,Brabham,14
2,1981,Ferrari,1
2,1982,McLaren,8
2,1982,Ferrari,3
2,1982,Brabham,2
2,1982,Renault,2
2,1982,Williams,1
2,1983,Renault,6
2,1983,Ferrari,4
2,1983,Brabham,2
2,1983,McLaren,2
2,1983,Williams,1
2,1984,Ferrari,11
2,1984,Team Lotus,3
2,1984,Williams,2
2,1985,Ferrari,9
2,1985,McLaren,4
2,1985,Team Lotus,3
2,1986,McLaren,12
2,1986,Williams,3
2,1986,Ligier,1
2,1987,McLaren,11
2,1987,Williams,4
2,1987,Team Lotus,1
2,1988,Ferrari,16
2,1989,Williams,10
2,1989,Ferrari,4
2,1989,Benetton,1
2,1989,McLaren,1
2,1990,Ferrari,13
2,1990,Williams,2
2,1990,Tyrrell,1
2,1991,Williams,9
2,1991,Ferrari,4
2,1991,McLaren,2
2,1991,Benetton,1
2,1992,McLaren,9
2,1992,Benetton,7
2,1993,McLaren,11
2,1993,Benetton,3
2,1993,Williams,2
2,1994,Ferrari,8
2,1994,Williams,5
2,1994,Benetton,3
2,1995,Williams,15
2,1995,Ferrari,2
2,1996,Benetton,8
2,1996,Ferrari,8
2,1997,Williams,10
2,1997,Ferrari,6
2,1997,McLaren,1
2,1998,Ferrari,14
2,1998,Williams,2
2,1999,McLaren,12
2,1999,Ferrari,3
2,1999,Jordan,1
2,2000,McLaren,10
2,2000,Ferrari,5
2,2000,Benetton,1
2,2000,Williams,1
2,2001,McLaren,17
2,2002,Williams,15
2,2002,Ferrari,2
2,2003,Williams,7
2,2003,Ferrari,6
2,2003,McLaren,2
2,2003,Renault,1
2,2004,Renault,12
2,2004,BAR,4
2,2004,Williams,2
2,2005,McLaren,13
2,2005,Toyota,4
2,2005,Ferrari,1
2,2005,Renault,1
2,2006,Ferrari,14
2,2006,McLaren,3
2,2006,Renault,1
2,2007,BMW Sauber,17
2,2008,McLaren,8
2,2008,BMW Sauber,7
2,2008,Ferrari,2
2,2008,Williams,1
2,2009,Red Bull,15
2,2009,Toyota,2
2,2010,McLaren,11
2,2010,Red Bull,5
2,2010,Ferrari,3
2,2011,McLaren,19
2,2012,McLaren,10
2,2012,Ferrari,7
2,2012,Red Bull,3
2,2013,Ferrari,8
2,2013,Mercedes,8
2,2013,Lotus F1,3
2,2014,Red Bull,16
2,2014,Force India,1
2,2014,McLaren,1
2,2014,Mercedes,1
2,2015,Ferrari,19
2,2016,Ferrari,11
2,2016,Red Bull,10
2,2017,Ferrari,17
2,2017,Mercedes,3
2,2018,Ferrari,16
2,2018,Mercedes,5
2,2019,Ferrari,21
2,2020,Red Bull,15
2,2020,McLaren,2
2,2021,Red Bull,16
2,2021,Mercedes,6
2,2022,Ferrari,8
2,2022,Mercedes,3
2,2022,Red Bull,2
3,1958,Cooper,6
3,1958,Vanwall,3
3,1958,Maserati,2
3,1959,BRM,6
3,1959,Cooper-Maserati,2
3,1959,Ferrari,1
3,1960,Ferrari,7
3,1960,Team Lotus,2
3,1960,Cooper-Maserati,1
3,1961,Porsche,7
3,1961,Cooper-Climax,1
3,1962,Cooper-Climax,5
3,1962,Ferrari,3
3,1962,Lotus-Climax,1
3,1963,Ferrari,5
3,1963,Cooper-Climax,3
3,1963,BRM,1
3,1963,Brabham,1
3,1964,Ferrari,3
3,1964,Lotus-Climax,3
3,1964,Brabham-Climax,2
3,1964,Cooper-Climax,2
3,1965,Ferrari,7
3,1965,BRM,1
3,1965,Brabham-Climax,1
3,1965,Lotus-Climax,1
3,1966,BRM,5
3,1966,Cooper-Maserati,4
3,1967,Cooper-Maserati,5
3,1967,Lotus-Ford,2
3,1967,BRM,1
3,1967,Ferrari,1
3,1967,Honda,1
3,1967,Lotus-BRM,1
3,1968,Ferrari,4
3,1968,BRM,2
3,1968,Cooper-BRM,2
3,1968,Matra-Ford,2
3,1968,McLaren-Ford,2
3,1969,McLaren-Ford,5
3,1969,Brabham-Ford,3
3,1969,Lotus-Ford,3
3,1970,Brabham,7
3,1970,March,4
3,1970,McLaren-Ford,1
3,1970,Team Lotus,1
3,1971,BRM,5
3,1971,March-Ford,3
3,1971,Ferrari,1
3,1971,Lotus-Ford,1
3,1971,Matra,1
3,1972,Ferrari,6
3,1972,McLaren,3
3,1972,Tyrrell,3
3,1973,McLaren,14
3,1973,Ferrari,1
3,1974,Tyrrell,10
3,1974,BRM,2
3,1974,Brabham,2
3,1974,Team Lotus,1
3,1975,McLaren,8
3,1975,Ferrari,2
3,1975,Tyrrell,2
3,1975,Brabham,1
3,1975,Hesketh,1
3,1976,McLaren,9
3,1976,Tyrrell,6
3,1976,Shadow,1
3,1977,Wolf,8
3,1977,McLaren,4
3,1977,Team Lotus,3
3,1977,Brabham,1
3,1977,Ferrari,1
3,1978,Ferrari,8
3,1978,Tyrrell,6
3,1978,Brabham,2
3,1979,Team Lotus,7
3,1979,Ligier,3
3,1979,Williams,3
3,1979,McLaren,2
3,1980,Brabham,10
3,1980,Fittipaldi,1
3,1980,Ligier,1
3,1980,Renault,1
3,1980,Williams,1
3,1981,Renault,5
3,1981,Ferrari,4
3,1981,Arrows,3
3,1981,Alfa Romeo,1
3,1981,Brabham,1
3,1981,Ligier,1
3,1982,Williams,6
3,1982,Ferrari,4
3,1982,Renault,4
3,1982,Brabham,1
3,1982,McLaren,1
3,1983,Brabham,8
3,1983,Williams,3
3,1983,Ferrari,2
3,1983,Renault,2
3,1984,Team Lotus,7
3,1984,Renault,6
3,1984,Ferrari,3
3,1985,Team Lotus,9
3,1985,McLaren,6
3,1985,Williams,1
3,1986,Team Lotus,15
3,1986,Ligier,1
3,1987,Team Lotus,14
3,1987,Ferrari,1
3,1987,McLaren,1
3,1988,Benetton,10
3,1988,Team Lotus,6
3,1989,Ferrari,9
3,1989,Benetton,4
3,1989,Williams,2
3,1989,March,1
3,1990,Williams,9
3,1990,Benetton,4
3,1990,Ferrari,2
3,1990,Tyrrell,1
3,1991,Ferrari,10
3,1991,Williams,4
3,1991,Benetton,1
3,1991,Tyrrell,1
3,1992,Benetton,9
3,1992,McLaren,7
3,1993,Benetton,10
3,1993,McLaren,3
3,1993,Ligier,2
3,1993,Team Lotus,1
3,1994,Ferrari,8
3,1994,Williams,6
3,1994,Jordan,1
3,1994,McLaren,1
3,1995,Ferrari,15
3,1995,Benetton,1
3,1995,Williams,1
3,1996,Benetton,8
3,1996,Ferrari,8
3,1997,Benetton,13
3,1997,McLaren,3
3,1997,Ferrari,1
3,1998,Benetton,7
3,1998,Williams,7
3,1998,Ferrari,2
3,1999,Jordan,15
3,1999,Williams,1
3,2000,Williams,12
3,2000,Benetton,3
3,2000,BAR,1
3,2000,Jordan,1
3,2001,Williams,14
3,2001,Sauber,2
3,2001,Jordan,1
3,2002,McLaren,17
3,2003,McLaren,8
3,2003,Renault,5
3,2003,Williams,2
3,2003,Ferrari,1
3,2004,BAR,11
3,2004,Renault,6
3,2004,Williams,1
3,2005,Ferrari,11
3,2005,McLaren,3
3,2005,Red Bull,2
3,2005,Toyota,2
3,2005,Williams,1
3,2006,McLaren,15
3,2006,Ferrari,3
3,2007,Renault,17
3,2008,BMW Sauber,10
3,2008,McLaren,7
3,2008,Ferrari,1
3,2009,Toyota,7
3,2009,Ferrari,6
3,2009,McLaren,2
3,2009,BMW Sauber,1
3,2009,Renault,1
3,2010,Ferrari,13
3,2010,Red Bull,3
3,2010,Mercedes,2
3,2010,McLaren,1
3,2011,Ferrari,19
3,2012,Lotus F1,7
3,2012,Ferrari,6
3,2012,McLaren,6
3,2012,Sauber,1
3,2013,Ferrari,10
3,2013,Mercedes,5
3,2013,Lotus F1,3
3,2013,Red Bull,1
3,2014,Ferrari,9
3,2014,Williams,8
3,2014,Force India,1
3,2014,McLaren,1
3,2015,Williams,18
3,2015,Sauber,1
3,2016,Ferrari,10
3,2016,Red Bull,10
3,2016,Williams,1
3,2017,Red Bull,20
3,2018,Red Bull,20
3,2018,McLaren,1
3,2019,Red Bull,21
3,2020,McLaren,8
3,2020,Racing Point,5
3,2020,Ferrari,2
3,2020,Red Bull,1
3,2020,Renault,1
3,2021,McLaren,14
3,2021,Ferrari,8
3,2022,Mercedes,10
3,2022,Red Bull,2
3,2022,Haas F1 Team,1
