,Nombre_Escuderìa,Total Carreras
0,Ferrari,1003
1,McLaren,874
2,Williams,802
3,Tyrrell,426
4,Renault,406
5,Team Lotus,405
6,Sauber,388
7,Red Bull,338
8,Minardi,337
9,Ligier,332
10,Brabham,315
11,Arrows,297
12,Toro Rosso,268
13,Benetton,259
14,Mercedes,250
15,Jordan,241
16,BRM,231
17,Force India,211
18,March,194
19,Alfa Romeo,186
20,Osella,172
21,Toyota,138
22,Ensign,138
23,Haas F1 Team,135
24,Larrousse,126
25,Fittipaldi,123
26,Surtees,121
27,Lola,120
28,BAR,117
29,ATS,116
30,Shadow,106
31,Footwork,95
32,Honda,92
33,Cooper-Climax,89
34,AGS,84
35,Prost,82
36,Cooper-Maserati,82
37,Jaguar,81
38,Dallara,79
39,Zakspeed,79
40,Lotus F1,77
41,Toleman,72
42,Hesketh,71
43,Coloni,70
44,BMW Sauber,70
45,Lotus-Climax,66
46,Wolf,64
47,Theodore,62
48,Lotus-BRM,58
49,Marussia,58
50,Caterham,58
51,Matra,56
52,Porsche,56
53,HRT,56
54,Brabham-Climax,55
55,Lotus-Ford,54
56,AlphaTauri,52
57,Super Aguri,52
58,Aston Martin,49
59,Euro Brun,48
60,RAM,47
61,Brabham-Ford,47
62,Stewart,46
63,McLaren-Ford,46
64,Penske,46
65,Brabham-Repco,43
66,Manor Marussia,39
67,Spirit,39
68,Virgin,38
69,Lotus,38
70,Racing Point,38
71,Alpine F1 Team,35
72,Pacific,33
73,Simtek,32
74,Leyton House,32
75,Onyx,32
76,Forti,32
77,Rial,32
78,Brabham-Alfa Romeo,31
79,Parnelli,31
80,Merzario,31
81,Maserati,30
82,Iso Marlboro,30
83,Brabham-BRM,28
84,De Tomaso,26
85,Eagle-Weslake,25
86,Fondmetal,24
87,Matra-Ford,23
88,McLaren-BRM,22
89,LDS-Climax,21
90,Vanwall,20
91,Scirocco,20
92,JBW,19
93,Eagle-Climax,19
94,Tecno,19
95,BRP,19
96,MF1,18
97,Brawn,17
98,Emeryson,17
99,Spyker,17
100,Cooper,17
101,Boro,17
102,Lambo,16
103,Life,16
104,Gilby,15
105,LDS,14
106,Martini,14
107,Maki,14
108,Shadow-Ford,14
109,LEC,13
110,McLaren-Alfa Romeo,12
111,Amon,12
112,Cooper-BRM,12
113,Embassy Hill,12
114,Bellasi,12
115,Trojan,12
116,March-Alfa Romeo,11
117,Token,11
118,Connaught,11
119,March-Ford,11
120,Kauhsen,11
121,Lyncar,11
122,OSCA,10
123,LDS-Alfa Romeo,10
124,Cooper-Ford,10
125,RE,10
126,Behra-Porsche,10
127,De Tomaso-Alfa Romeo,10
128,Scarab,9
129,Cooper-Castellotti,9
130,McLaren-Serenissima,8
131,McGuire,8
132,De Tomaso-Osca,8
133,Lotus-Borgward,8
134,Lotus-Pratt &amp; Whitney,8
135,Cooper-ATS,6
136,Lotus-Maserati,6
137,Shannon,6
138,Cooper-Ferrari,6
139,Politoys,6
140,Fry,5
141,Protos,5
142,BRM-Ford,5
143,Cooper-Borgward,5
144,Spyker MF1,4
145,Apollon,4
146,De Tomaso-Ferrari,4
147,ENB,4
148,Connew,4
149,Rebaque,3
150,MBM,3
151,Stebro,3
152,Shadow-Matra,3
153,Derrington,3
154,Kojima,2
155,Cooper-Alfa Romeo,1
156,Kurtis Kraft,1
157,Cooper-OSCA,1
158,Tec-Mec,1
